{"bubbleSort":[0.16697999835014343,71.58839099854231,138.14404299855232,190.48815700411797,226.89183999598026,368.44190599769354,1093.6694900020957,1354.4525710046291,1431.0253480002284,2890.272952005267,2754.173914000392,1800.7845100015402,3096.7920679971576,4528.1657529994845,4455.53415299952],"cocktailShakerSort":[0.3446110039949417,107.19226000458002,111.09266299754381,230.7346790060401,259.282005995512,546.8135059997439,422.85893899947405,368.714078001678,389.56988099962473,732.304938994348,928.3903529942036,1071.504832006991,2203.604846999049,1695.8594480007887,2803.636334002018],"countingSort":[0.7818000018596649,10.254121005535126,0.9903319999575615,14.341566994786263,68.04101199656725,16.600089997053146,0.7016599997878075,0.7841759994626045,0.9104549959301949,0.9439809992909431,1.070872001349926,1.2515910044312477,1.3596570044755936,1.5851769968867302,2.4285909980535507],"insertionSort":[0.7456870004534721,19.912009999156,10.818590000271797,82.25739900022745,101.55722799897194,202.11227300018072,199.3336450010538,72.52743300050497,94.64490299671888,144.09569800645113,223.23974699527025,193.8253150060773,226.20193099975586,376.5679579973221,422.4864759966731],"merge-bubbleSort":[0.27052100002765656,19.008344002068043,26.33094399422407,24.117496997117996,16.127861998975277,11.979726999998093,14.879370994865894,41.99751599878073,6.995127998292446,7.490018002688885,9.28472699970007,13.481175996363163,16.39258300513029,13.032160997390747,33.75180999934673],"merge-insertionSort":[9.965274006128311,8.18690399825573,34.23553799837828,6.185502000153065,4.070506997406483,5.674984999001026,8.207380004227161,22.914982996881008,7.993623003363609,8.668531998991966,12.089793004095554,22.021166004240513,20.492554001510143,21.4599220007658,19.940660998225212],"mergeSort":[8.49397599697113,63.0424370020628,13.439061999320984,42.438741996884346,48.11744000017643,16.75933299958706,14.960374005138874,17.826392002403736,19.88068400323391,20.742499001324177,39.854821003973484,59.49385999888182,47.82405500113964,75.3994769975543,77.83093100041151],"selectionSort":[8.040285997092724,61.88937500119209,39.89224699884653,52.846005998551846,81.922063998878,168.4022139981389,466.54839600622654,843.2725099995732,777.0560569986701,547.4009770005941,858.0450029969215,1044.0143259987235,1619.1256029978395,1535.5240089967847,1849.4295539930463],"shellSort":[0.4017140045762062,82.10326999425888,0.6700970008969307,1.0679479986429214,1.5035240054130554,5.235806994140148,2.313199996948242,5.4845409989356995,6.42629599571228,10.530005000531673,10.248121000826359,17.02402900159359,12.48071900010109,24.968350000679493,10.556493997573853]}